544451,551902,529938,512579,499212,475434,449415,434346,424182,408729,381645,367963,348460,325066,295334,277896,265780,249386,225138,212109,196823,165034,133123,117833,119862,78914,42800,25239,12982,7648,3553,13325,0,97034,16827,47,0,16827,0,0,0
484053,489413,470432,453613,442319,422311,401127,386563,376604,363416,339132,325940,310271,290454,262732,248611,236261,223681,202711,190765,177770,146373,116502,96506,104070,65778,38980,23081,11970,7497,4370,3073,0,66701,11109,50,0,11109,0,0,0
248802,250216,249801,250237,257337,250436,249762,249550,249773,249814,249671,257969,250925,250202,251333,250237,257977,257540,257565,257068,122809,204953,202915,22663,10044,9133,8896,8865,8855,8854,4317547,0,0,5188,498346,533,0,498346,0,0,0
356909,356603,356957,357309,363108,358630,357111,357100,357559,358196,357667,363632,358277,357359,357479,357540,363369,363531,363383,363335,206026,321044,275370,4325881,55420,19660,10929,6744,3671,2283,1316,0,0,2700,712616,0,0,712616,0,0,0
221297,222664,222760,222944,230344,222416,222968,222806,222502,222644,222069,230645,222384,222352,222420,222857,230872,230743,230718,230478,114385,183985,189599,8360,4330302,57719,26110,15849,8456,5358,3228,0,0,3439,443060,6,0,443060,0,0,0
301529,302329,302574,303475,313519,302830,302702,302595,302917,303512,302643,313359,302185,303166,302623,302519,313897,314267,313713,312844,192424,263811,261002,10556,10381,4323679,33888,16119,9226,5628,3421,0,0,5190,602010,39,0,602010,0,0,0
267363,268988,268750,269516,279470,268801,269038,269334,269312,269497,269288,279327,269021,268500,269206,268704,280100,279002,279501,279286,166761,233228,230768,9770,9748,9021,4347357,18952,8448,5618,3282,0,0,5191,535251,53,0,535251,0,0,0
279371,281087,281239,281527,290649,281445,281152,281298,281067,281058,281119,291209,280903,280813,281352,281272,291226,291745,291744,290979,169914,241752,240106,9252,9134,8326,8165,4320435,10467,5097,3354,0,0,4719,560383,61,0,560383,0,0,0
254052,255605,255608,255441,264593,255676,255893,256147,255840,255691,256043,265099,255995,256175,255664,255729,264421,264875,265183,265337,132852,213400,210596,9589,8808,8089,7923,7875,4344067,5494,2781,0,0,4950,508556,66,0,508556,0,0,0
226905,228928,229009,228836,236712,228395,228213,228502,228316,228343,228858,236966,228573,228120,228319,228299,237007,236740,237486,236423,126842,192486,190324,10647,7579,6932,6813,6789,6780,4355612,4245,0,0,4054,455088,81,0,455088,0,0,0
250045,251734,251576,250730,258428,251778,250636,251818,251423,251505,251040,259197,252247,252071,251975,251616,259692,258913,259936,258906,133816,210521,207310,21779,10349,9526,9253,9202,9180,9178,4348815,0,0,5146,500487,570,0,500487,0,0,0
356409,323424,304937,294809,276171,266799,247609,250388,225135,227731,205253,211525,181376,179910,154941,158215,132833,130882,112835,112689,88727,73322,65891,30582,35349,21792,12088,7150,4115,2575,1519,4401,0,36052,3562,25,0,3562,0,0,0
346225,338963,346708,339508,309665,287505,293315,291284,261757,241768,247856,244106,211048,188249,193662,192929,162342,142237,148369,140099,109334,91678,95856,69033,78937,51091,28743,17058,10085,6352,3695,4383,0,47051,8147,33,0,8147,0,0,0
395492,362280,347749,343048,343017,350796,338800,325905,302012,275744,255552,250154,248893,254285,240276,227513,203579,174342,159002,155823,158793,158279,141939,116923,129188,81916,46356,26810,14456,9013,5278,6902,0,71889,14471,35,0,14471,0,0,0
424591,438199,425189,412517,401513,377671,351017,330341,316781,290218,273797,267084,256298,253243,248113,239873,238784,251985,242490,241040,229187,196822,161453,131508,144210,90813,51489,30286,15684,8854,5141,7477,0,81722,16323,41,0,16323,0,0,0
450877,430091,428553,424075,422237,419083,415398,407395,415566,420538,419350,411595,397374,376306,345954,324018,308931,290821,263938,252729,233954,195575,158291,128946,140091,88427,50195,29564,15637,8741,4747,7339,0,87000,16043,31,0,16043,0,0,0
601532,606448,583985,565425,550818,525125,498145,476170,469572,449772,424561,410116,386857,361435,330729,309172,293979,276621,250546,237470,219833,184575,149687,123113,133703,84743,47911,28478,15162,9091,5188,7253,0,80782,16586,40,0,16586,0,0,0
349880,351693,351663,351485,357023,352016,351917,352603,352006,352462,351943,357480,352084,352137,352139,351595,357410,356761,357928,357055,208970,316843,273940,4342940,54999,19441,10925,6727,3803,2343,1407,0,0,2691,701138,0,0,701138,0,0,0
218547,219865,220052,220086,228069,219365,220035,219731,219690,219478,220048,228050,220024,219656,220423,219238,228152,228551,228703,228091,120511,184862,189901,8578,4354609,58531,26562,16049,8756,5506,3295,0,0,3480,437560,9,0,437560,0,0,0
293050,294724,294851,295115,304869,294997,294900,294894,295028,294984,294443,305188,294346,294973,293895,295063,306539,306075,305380,305136,197230,259697,256768,10464,10439,4355923,35351,17076,9815,5961,3710,0,0,5246,585384,39,0,585384,0,0,0
265082,266254,266544,266211,276814,266391,266399,265982,266173,266039,265831,277360,265994,266471,266136,265994,277306,276861,277390,276514,169431,232467,230245,9519,9740,9002,4359925,19044,8439,5619,3309,0,0,5037,530178,66,0,530178,0,0,0
272848,274392,274566,274973,283863,274836,274475,274382,273981,275325,274389,284628,274677,275118,275581,274823,285062,285582,285364,285147,175664,239646,237845,9379,9267,8581,8430,4351581,10927,5272,3553,0,0,4804,547450,87,0,547450,0,0,0
253571,255066,255238,254729,264787,254968,255113,255078,255288,255092,254763,263745,254824,255531,254539,255596,264549,264914,264848,264245,141195,214886,211999,9787,8872,8236,8073,7996,4364165,5709,2859,0,0,4923,506803,75,0,506803,0,0,0
230015,231219,231564,231180,239304,231106,231502,231146,230834,232132,231794,239860,231461,231295,231627,231346,239694,239462,239742,239128,124573,193227,191671,10005,7336,6685,6548,6520,6515,4348404,4162,0,0,4060,460870,78,0,460870,0,0,0
47138,44306,44168,44350,44033,44001,44121,42362,43869,42171,43997,43941,43970,43805,43853,42574,42334,112495,3905386,1362590,694221,346524,176658,84391,94949,40182,22319,10785,3395,1977,549,132,0,5943,18560,0,0,18560,0,0,0
94483,88220,88295,88046,87919,88022,88229,84575,87892,84482,87813,87706,87574,87753,87647,85871,85555,85325,154153,3903777,1379871,693857,354031,168706,189755,80064,45043,21478,6547,3816,1052,304,0,11472,37115,0,0,37115,0,0,0
208894,195459,195352,196073,195295,194755,194722,186274,195355,185892,194971,195132,194818,194314,194454,189469,188569,188522,187332,258085,3941982,1383880,724083,371541,377517,159121,89435,42952,13279,7787,2207,560,0,31253,92014,0,0,92014,0,0,0
437462,409964,409210,409663,408783,408575,408457,391295,408762,390740,407833,409389,407932,408044,408436,399118,398891,398020,397420,392085,443056,3995121,1445478,748604,786255,353160,216590,124591,66494,41254,21549,1052,0,57535,200208,0,0,200208,0,0,0
840522,788301,787664,789464,787329,786025,785861,745691,785934,744540,786081,785329,785903,786688,786105,763823,763464,761968,761502,762566,742230,826970,4047075,1312144,1450776,691496,416671,242930,132020,83047,44800,2321,0,127480,312148,11,0,312148,0,0,0
2216644,2183822,2172364,2174843,2170177,2170925,2169131,2083627,1957483,2085509,1954214,2171724,2169799,2170662,2168605,2124273,2009546,2011855,1990101,2008427,2122442,2132410,2186619,3594274,3553888,2706157,1508595,833725,442097,247111,121882,13339,0,517206,509047,298,0,509047,0,0,0
3,0,73715,3865328,1447487,724975,363080,181838,91088,46323,22945,11809,5943,3000,1458,722,352,176,102,62,37,13,8,4,5,3,2,1,0,0,0,0,0,1,1,0,0,1,0,0,0
10,7,7,73109,3890524,1425002,713571,357115,179090,91245,45551,23681,11784,5922,2915,1467,745,404,205,122,71,40,25,12,13,6,3,0,0,0,0,0,0,0,0,0,0,0,0,0,0
2,4,6,2,72665,3904292,1409672,706998,353293,178658,89284,46410,23150,11637,5825,2886,1453,767,424,233,137,68,32,10,9,3,2,0,0,0,0,0,0,1,1,0,0,1,0,0,0
19,12,11,8,12,73262,3898132,1412038,708520,358530,179358,91824,46132,23196,11613,5894,2953,1534,811,446,231,100,51,22,26,17,8,4,3,2,1,0,0,1,9,0,0,9,0,0,0
29,33,36,39,34,33,73442,3903622,1398063,700957,351772,179298,89935,44886,22671,11435,5586,2860,1515,821,459,233,120,61,65,26,12,4,0,0,0,0,0,9,4,0,0,4,0,0,0
67,66,73,61,48,62,56,74164,3891968,1405141,703398,356158,178453,89267,44703,22407,11174,5636,2930,1561,894,469,252,102,116,50,28,19,5,3,1,0,0,5,16,0,0,16,0,0,0
103,100,111,106,108,112,110,106,73577,3898733,1397689,700886,351131,175833,88312,44255,22111,11309,5813,3100,1709,843,441,199,217,104,54,27,11,8,3,0,0,16,40,0,0,40,0,0,0
231,209,218,221,219,212,235,217,215,73219,3913769,1381326,692823,347146,173835,86899,43214,21930,11244,5908,3248,1658,837,407,462,198,110,58,18,12,1,1,0,25,82,0,0,82,0,0,0
443,425,406,425,435,406,411,393,439,392,72666,3918525,1382545,692605,346015,173168,86612,44104,22508,11780,6209,3120,1572,741,819,358,195,102,30,17,6,2,0,69,139,0,0,139,0,0,0
874,813,817,834,831,840,813,776,846,715,811,72933,3909755,1377227,691691,347403,174261,88534,45211,23478,12535,6311,3232,1571,1736,741,393,193,50,29,9,0,0,113,290,0,0,290,0,0,0
1730,1619,1599,1643,1655,1671,1647,1458,1576,1411,1590,1614,74126,3909122,1370748,687502,344168,174422,88533,45724,24106,11883,6123,2978,3279,1362,782,387,124,74,26,5,0,241,609,0,0,609,0,0,0
3398,3131,3156,3137,3111,3211,3192,2951,3206,2881,3151,3114,3154,74406,3908285,1364765,685064,345791,174921,90138,46990,23321,11932,5774,6380,2761,1554,783,265,162,45,10,0,411,1237,0,0,1237,0,0,0
6416,6078,6130,6084,6045,6021,6051,5582,5976,5609,6150,6133,6158,6090,77665,3913569,1359040,682845,345574,177398,92173,45647,23389,11436,12663,5519,3075,1540,486,285,80,15,0,857,2364,0,0,2364,0,0,0
12392,11487,11528,11567,11575,11532,11627,10981,11497,10893,11452,11536,11607,11615,11501,81462,3916914,1347038,677595,344203,176479,88093,45182,21909,24469,10424,5982,2870,882,553,163,36,0,1696,4606,0,0,4606,0,0,0
24183,22535,22543,22636,22730,22656,22754,21587,22677,21676,22701,22620,22628,22862,22490,21613,92401,3922726,1346664,681852,348987,173796,89058,42759,47986,20616,11790,5790,1960,1212,371,73,0,3289,9111,0,0,9111,0,0,0
20517,19454,19190,19233,19311,19229,19328,4832,19292,4432,19046,19379,19361,19383,19339,92572,3885061,602003,404244,285200,210139,102355,51063,24021,25667,12585,5645,2227,517,288,166,28,0,2112,1329,0,0,1329,0,0,0
26464,24906,24868,25095,24900,25027,24967,7017,24595,6481,24554,24813,24862,24728,24969,15916,103026,3877357,594222,406278,285549,139742,69999,33313,35963,17975,8464,3579,1022,578,335,51,0,2810,1855,0,0,1855,0,0,0
35711,33676,33371,33570,33700,33377,33467,10514,33177,9900,32775,33853,33716,33482,33289,20434,20312,113060,3883395,601797,413980,203238,102444,49220,53653,27518,13408,5991,2008,1164,644,100,0,4101,3044,1,0,3044,0,0,0
47249,44667,44135,44336,44572,44118,43963,16453,43132,15651,42870,44554,44054,43905,43936,28117,27773,27606,123046,3898650,608912,304183,153412,74305,82728,43282,21359,10318,3950,2277,1320,166,0,5855,4957,1,0,4957,0,0,0
76972,73032,72218,71766,72185,71667,71759,33930,67480,33011,67278,72169,71533,71924,71191,49886,47688,47255,46858,146955,3901528,713401,363984,176558,204763,111509,56855,29516,13556,7647,4595,613,0,10414,12636,1,0,12636,0,0,0
152990,144156,142948,142437,143213,141906,141803,65011,133368,62694,133351,143152,141613,141688,141650,97750,93916,93182,91971,138920,198222,3900596,706404,348177,406546,223335,115045,61281,30118,16987,10198,1146,0,19877,23990,7,0,23990,0,0,0
289404,276700,273392,273062,274654,272050,271553,126431,248164,122119,248163,272999,271400,271785,272302,187594,176928,174911,173890,262388,270155,321937,3859177,610953,847413,434398,224227,119996,60823,33995,20415,2194,0,36415,42468,17,0,42468,0,0,0
3904815,1425127,714195,357423,178917,89435,44665,22178,11105,5744,2853,1530,798,397,204,101,50,27,11,8,4,4,3,3,1,0,0,0,0,0,0,0,0,28586,0,6,0,0,0,0,0
63267,3909466,1429805,717242,359042,179858,90223,45203,22858,11776,6003,3139,1571,784,381,179,92,50,23,15,11,7,3,0,1,1,1,1,0,0,0,0,0,0,0,0,0,0,0,0,0
3,72620,3925601,1413636,708778,354462,177240,88960,44490,22680,11395,6154,3098,1566,774,385,195,106,60,33,23,12,5,5,6,4,2,0,0,0,0,0,0,0,0,0,0,0,0,0,0
64116,3876851,789983,396707,198692,88514,44610,22404,11209,9106,4519,4025,2150,1072,559,289,159,143,107,89,73,36,20,9,10,5,2,1,0,0,0,0,0,0,3,0,0,3,0,0,0
6,72887,3889895,793381,398422,176648,88392,44469,22254,18186,9112,8117,4339,2147,1073,521,255,215,144,119,91,42,16,7,6,1,1,1,0,0,0,0,0,1,0,0,0,0,0,0,0
28,24,72902,3884234,779060,344869,172655,87109,43874,36084,18061,16127,8575,4369,2195,1083,564,478,333,280,230,116,52,28,23,10,2,1,0,0,0,0,0,3,1,0,0,1,0,0,0
42,40,43,73215,3870442,671282,337873,169832,85296,69975,35223,31425,16885,8432,4181,2021,1026,886,625,508,409,175,80,55,45,20,5,2,0,0,0,0,0,5,3,0,0,3,0,0,0
52,57,61,53,72720,3883402,775524,389400,195149,165502,82943,75947,32104,16083,7972,3929,1967,1512,1042,795,613,295,140,62,68,24,12,6,1,0,0,0,0,7,2,0,0,2,0,0,0
128,125,113,113,130,73009,3889697,769071,386566,330259,166074,152437,64290,32154,16107,8167,4092,3159,2141,1660,1252,623,304,141,145,77,29,10,1,1,1,0,0,13,7,0,0,7,0,0,0
268,264,266,230,271,269,72873,3874144,746475,636372,318043,292102,123518,61784,30919,15634,7995,6082,4099,3167,2427,1208,597,308,324,171,79,30,4,3,3,0,0,29,14,0,0,14,0,0,0
252,251,231,236,259,232,254,74520,3850861,672422,337137,297033,127585,64026,32071,16086,8114,6171,4141,3204,2420,1157,581,276,290,137,70,25,4,2,0,0,0,33,12,0,0,12,0,0,0
491,458,464,433,450,433,454,94,73803,3866682,721258,618896,267624,133785,67114,33534,16789,12599,8346,6385,4827,2321,1160,521,558,260,99,43,12,8,0,0,0,57,33,0,0,33,0,0,0
539,527,521,551,530,540,514,100,515,73954,3869848,687954,298934,149856,75170,37788,19190,14010,9292,7065,5294,2612,1313,615,659,314,135,54,8,4,4,0,0,51,36,0,0,36,0,0,0
1191,1185,1118,1151,1109,1112,1085,272,1126,208,74099,3886401,642281,323410,162865,81400,40670,29449,19451,14678,11044,5374,2696,1303,1391,669,300,126,20,7,2,0,0,137,67,0,0,67,0,0,0
1667,1549,1545,1543,1539,1537,1486,390,1543,369,1502,74923,3890743,733574,368389,184599,92251,58529,35839,24769,17404,8641,4358,2069,2238,1097,519,208,67,38,17,1,0,192,101,0,0,101,0,0,0
3161,3021,2995,2983,3058,3014,3023,810,3032,740,2963,3050,75201,3893334,731873,368009,185070,117617,71744,49825,35000,16972,8526,4068,4375,2168,970,400,119,74,42,5,0,369,215,0,0,215,0,0,0
6578,6278,6286,6274,6233,6401,6347,1563,6195,1496,6191,6219,6298,79049,3906749,738888,371265,237343,145490,101383,72010,35248,17559,8245,8858,4319,2006,880,255,155,85,9,0,712,421,0,0,421,0,0,0
13144,12415,12437,12462,12493,12405,12274,3114,12205,2933,12208,12393,12221,12219,83983,3900671,729075,466397,286242,199476,141115,68956,34399,16232,17595,8734,4070,1658,421,246,136,11,0,1410,803,0,0,803,0,0,0
3886790,809099,406833,204195,102627,44350,22174,11139,5594,4508,2316,2071,1106,573,293,141,72,64,46,38,32,11,4,3,3,1,0,0,0,0,0,0,0,28654,0,2,0,0,0,0,0
0,0,0,0,0,0,0,0,1,0,73614,3845423,3721,2473,1097,545,253,141,87,55,34,14,11,3,2,2,0,0,0,0,0,0,0,0,0,0,0,0,0,0,0
0,0,0,0,0,0,0,1,5,4,7,72504,3853428,2919,2093,982,498,233,117,61,35,19,7,15,16,11,7,3,0,0,0,0,0,1,1,0,0,1,0,0,0
0,0,0,0,0,0,1,5,4,6,3,9,73862,3830984,2512,1720,773,430,187,94,41,25,20,25,20,15,8,6,2,1,1,0,0,0,0,0,0,0,0,0,0
0,0,0,0,0,4,5,9,4,10,11,9,11,74315,3827865,2333,1740,763,396,182,105,54,32,33,23,21,8,4,3,3,2,0,0,2,2,0,0,2,0,0,0
0,0,0,0,9,19,22,24,17,30,26,27,29,24,74893,3826435,2255,1688,742,400,223,111,70,79,70,34,23,13,7,5,3,0,0,8,9,0,0,9,0,0,0
0,0,0,39,61,57,61,61,64,71,68,66,69,73,61,73210,3884301,2349,2006,977,484,279,152,171,156,109,58,42,16,11,4,0,0,9,9,0,0,9,0,0,0
0,0,76,107,116,122,141,122,126,126,124,153,131,144,123,123,73891,3855176,2374,2036,974,524,286,343,340,283,217,101,48,34,25,0,0,25,25,0,0,25,0,0,0
0,120,200,208,207,248,238,269,259,252,261,241,250,236,252,241,231,73047,3853727,2606,2168,1023,578,634,531,431,349,172,88,60,38,0,0,51,56,0,0,56,0,0,0
268,446,479,427,554,523,535,532,528,501,532,509,499,489,483,539,536,543,73909,3855474,2830,2388,1272,1379,1361,785,555,306,153,109,64,0,0,92,97,0,0,97,0,0,0
896,971,881,1154,1103,1097,1104,1076,1054,1078,1090,1053,1055,1055,1162,1093,1087,1100,1075,73967,3856521,3410,2779,2912,2449,1554,1043,597,308,211,130,0,0,735,245,0,0,245,0,0,0
2026,2121,2486,2355,2314,2317,2356,2352,2285,2277,2213,2292,2215,2366,2383,2320,2328,2300,2242,2214,74680,3852037,4163,6184,5876,5000,2366,1306,769,504,300,0,0,2574,539,0,0,539,0,0,0
6624,6828,6844,6899,6969,6920,7029,6936,6626,6834,6751,6903,6901,6927,6774,6909,6830,6787,6753,6768,6847,80368,3844159,15466,13270,8788,3853,2041,1257,917,604,0,0,3725,1202,0,0,1202,0,0,0
1661103,1757899,1747081,1743850,1743735,1742825,1741169,1741211,1506268,1742005,1501433,1742022,1743435,1740461,1739836,1741851,1613937,1614919,1593964,1581523,1669571,1684687,1767084,3835488,3177272,2641129,1275272,638918,298675,138179,53010,0,0,630814,560083,352,0,560083,0,0,0
3104004,2921432,2919357,2926362,2917239,2915112,2915201,2112963,2913938,2100986,2917471,2917034,2915883,2914713,2915556,2484120,2481864,2476572,2473663,2893350,2899843,2894124,3010124,4003626,3677941,2513782,1468970,835582,418100,215775,111482,0,0,476040,414479,160,0,414479,0,0,0
72613,864,459,194,101,50,23,11,3,4,1,0,0,0,0,0,0,0,0,0,0,0,0,0,0,0,0,0,0,0,0,0,0,1670132,0,80,0,0,0,0,0
21403,3678,1525,734,400,187,104,46,23,13,6,4,2,0,0,0,0,0,0,0,0,0,0,0,0,0,0,0,0,0,0,0,0,42304,0,17,0,0,0,0,0
3848464,1927180,964454,481836,240747,113301,56784,28287,13939,8468,4202,2886,1502,780,381,186,111,88,59,49,42,24,13,4,4,1,0,0,0,0,0,0,0,48292,0,29,0,0,0,0,0
3869515,2091875,1047765,523838,262484,130654,65389,32807,16252,10767,5414,4099,2349,1190,591,293,151,126,90,69,52,22,11,5,5,2,1,0,0,0,0,0,0,28751,0,3,0,0,0,0,0
64992,3861726,1064953,533173,266610,133753,66693,33457,16862,11265,5655,4282,2507,1257,639,314,158,132,90,72,55,23,14,8,8,4,3,1,0,0,0,0,0,0,0,0,0,0,0,0,0
0,74365,3855486,534281,267960,133754,66611,33128,16536,11179,5527,4235,2535,1290,633,325,172,140,105,90,66,36,19,10,10,5,4,2,0,0,0,0,0,0,0,0,0,0,0,0,0
0,0,74034,3854501,267887,134524,67085,33382,16772,11277,5621,4330,2554,1275,633,311,159,137,88,70,52,20,10,4,4,2,1,0,0,0,0,0,0,0,0,0,0,0,0,0,0
0,0,0,74119,3846764,136127,68723,34399,17224,11453,5805,4386,2559,1295,664,322,161,135,90,75,56,32,13,8,8,6,2,0,0,0,0,0,0,0,0,0,0,0,0,0,0
0,0,0,0,73526,3842009,57254,29266,14492,8708,4285,2870,1494,703,347,171,83,58,38,30,20,8,1,0,0,0,0,0,0,0,0,0,0,0,0,0,0,0,0,0,0
0,0,0,0,0,73503,3845111,29549,15408,9112,4578,3013,1555,798,371,204,102,71,36,24,17,12,7,4,4,3,1,0,0,0,0,0,0,0,0,0,0,0,0,0,0
0,0,0,0,0,0,73804,3827521,15962,9845,4699,3030,1578,785,414,197,107,70,33,28,19,12,3,1,1,1,0,0,0,0,0,0,0,0,0,0,0,0,0,0,0
0,0,0,0,0,0,0,74249,3826897,9178,5098,2846,1278,588,323,145,64,35,16,11,10,5,4,2,2,1,1,1,0,0,0,0,0,0,0,0,0,0,0,0,0
0,0,0,0,0,0,0,0,76041,3821151,6297,4163,2047,993,480,253,126,67,47,36,21,13,6,3,3,2,0,0,0,0,0,0,0,0,0,0,0,0,0,0,0
0,0,0,0,0,0,0,0,0,75308,3815398,4347,2412,1140,552,300,135,66,35,21,11,9,5,2,2,2,2,2,0,0,0,0,0,0,0,0,0,0,0,0,0
0,0,0,0,0,0,0,0,0,0,0,0,0,0,0,0,0,0,0,0,0,0,0,0,0,0,0,0,0,0,0,4349478,0,0,0,0,0,0,0,0,0
0,0,0,0,0,0,0,0,0,0,0,0,0,0,0,0,0,0,0,0,0,0,0,0,0,0,0,0,0,0,5001815,0,0,0,497307,13558,0,497745,0,661850,0
0,0,0,0,0,0,0,0,0,0,0,0,0,0,0,0,0,0,0,0,0,0,0,0,0,0,0,0,0,5001889,0,0,0,0,463021,3514,0,463099,0,649939,0
0,0,0,0,0,0,0,0,0,0,0,0,0,0,0,0,0,0,0,0,0,0,0,0,0,0,0,0,4998187,0,0,0,0,0,508726,1369,0,508956,0,661944,0
0,0,0,0,0,0,0,0,0,0,0,0,0,0,0,0,0,0,0,0,0,0,0,0,0,0,0,5000780,0,0,0,0,0,0,547253,917,0,547573,0,647936,0
0,0,0,0,0,0,0,0,0,0,0,0,0,0,0,0,0,0,0,0,0,0,0,0,0,0,4997682,0,0,0,0,0,0,0,535586,480,0,535919,0,654480,0
0,0,0,0,0,0,0,0,0,0,0,0,0,0,0,0,0,0,0,0,0,0,0,0,0,5001459,0,0,0,0,0,0,0,0,578770,239,0,579764,0,628302,0
0,0,0,0,0,0,0,0,0,0,0,0,0,0,0,0,0,0,0,0,0,0,0,0,5000793,0,0,0,0,0,0,0,0,0,439881,91,0,440880,0,634281,0
0,0,0,0,0,0,0,0,0,0,0,0,0,0,0,0,0,0,0,0,0,0,0,4997649,0,0,0,0,0,0,0,0,0,0,697024,135,0,698347,0,627086,0
1977883,1981756,1982096,1982441,1981802,1980913,1980939,1414222,1979615,1405911,1981140,1982330,1982155,1981476,1981417,1675474,1672466,1667268,1665917,1983490,1961985,1964611,1996603,3886618,2055338,1691415,933765,558969,273275,145054,80813,0,0,22808,282024,71,0,282024,0,0,0
0,0,0,0,0,0,0,0,38832,3921153,4214,2849,1451,728,348,174,96,67,39,29,24,13,9,3,3,2,1,0,0,0,0,0,0,0,0,0,0,0,0,0,0
0,0,0,0,0,0,0,0,0,39602,3935550,2146,887,449,231,110,48,25,13,6,3,1,1,0,0,0,0,0,0,0,0,0,0,0,0,0,0,0,0,0,0
0,0,0,0,0,0,0,0,0,0,38983,3907058,1446,735,372,194,107,78,51,39,29,19,7,3,3,1,0,0,0,0,0,0,0,0,0,0,0,0,0,0,0
0,0,0,0,0,0,0,0,0,0,0,39006,3908777,535,279,139,71,44,27,18,13,10,7,2,2,2,0,0,0,0,0,0,0,0,0,0,0,0,0,0,0
0,0,0,0,0,0,0,0,0,0,0,0,40102,3936566,289,152,76,48,27,18,13,8,2,0,0,0,0,0,0,0,0,0,0,0,0,0,0,0,0,0,0
0,0,0,0,0,0,0,0,0,0,0,0,0,39420,3930160,160,91,64,38,21,18,10,5,3,3,2,1,0,0,0,0,0,0,0,0,0,0,0,0,0,0
0,0,0,0,0,0,0,0,0,0,0,0,0,0,38158,3895004,102,66,43,25,17,9,6,4,4,3,1,0,0,0,0,0,0,0,0,0,0,0,0,0,0
0,0,0,0,0,0,0,0,0,0,0,0,0,0,0,39351,3924338,21,7,5,2,1,0,0,0,0,0,0,0,0,0,0,0,0,0,0,0,0,0,0,0
0,0,0,0,0,0,0,0,0,0,0,0,0,0,0,0,39489,3925880,17,10,8,3,1,0,0,0,0,0,0,0,0,0,0,0,0,0,0,0,0,0,0
0,0,0,0,0,0,0,0,0,0,0,0,0,0,0,0,0,40139,3929046,12,6,4,3,1,1,0,0,0,0,0,0,0,0,0,0,0,0,0,0,0,0
0,0,0,0,0,0,0,0,0,0,0,0,0,0,0,0,0,0,38341,3904274,4,1,1,0,0,0,0,0,0,0,0,0,0,0,0,0,0,0,0,0,0
0,0,0,0,0,0,0,0,0,0,0,0,0,0,0,0,0,0,0,37580,3884841,1,0,0,0,0,0,0,0,0,0,0,0,0,0,0,0,0,0,0,0
0,0,0,0,0,0,0,0,0,0,0,0,0,0,0,0,0,0,0,0,38078,3887673,3,2,1,1,0,0,0,0,0,0,0,0,0,0,0,0,0,0,0
0,0,0,0,0,0,0,0,0,0,0,0,0,0,0,0,0,0,0,0,0,38215,3890735,0,0,0,0,0,0,0,0,0,0,0,0,0,0,0,0,0,0
209995,211800,211022,211257,216228,210707,211374,211862,211182,211209,211117,216680,210959,210772,211022,210915,216649,216472,216910,217393,105641,175350,211048,4296917,1936634,1186663,578726,277624,128774,52915,13274,0,0,2033,422300,110,0,422300,0,0,0
77730,0,0,0,0,0,0,0,0,0,0,0,0,0,0,0,0,0,0,0,0,0,0,0,0,0,0,0,0,0,0,0,0,1680951,0,81,0,0,0,0,0
18525,0,0,0,0,0,0,0,0,0,0,0,0,0,0,0,0,0,0,0,0,0,0,0,0,0,0,0,0,0,0,0,0,49885,0,27,0,0,0,0,0
3897700,1959258,978823,488946,244841,115228,57617,28591,14194,8734,4375,2972,1518,778,380,185,93,72,43,36,27,10,6,1,1,1,0,0,0,0,0,0,0,57009,0,36,0,0,0,0,0
3885844,2092911,1046292,523288,261612,129767,64978,32577,16429,10991,5419,4079,2338,1154,583,280,136,109,78,57,35,15,8,6,6,1,0,0,0,0,0,0,0,13942,0,0,0,0,0,0,0
38456,3898687,1063761,532134,265801,132626,66170,33090,16470,11140,5448,4142,2407,1193,619,290,138,110,78,69,47,24,13,6,6,4,3,0,0,0,0,0,0,0,0,0,0,0,0,0,0
0,37755,3892479,531203,265624,132882,66689,33468,16831,11413,5632,4306,2516,1242,643,315,151,133,91,73,51,29,12,5,4,2,1,0,0,0,0,0,0,0,0,0,0,0,0,0,0
0,0,39367,3924798,267106,133539,66589,33347,16620,11525,5826,4580,2682,1312,648,330,157,132,87,72,58,29,12,5,5,5,4,1,0,0,0,0,0,0,0,0,0,0,0,0,0
0,0,0,38830,3905758,133084,66731,33536,16741,11423,5758,4445,2593,1285,628,307,159,137,92,72,59,27,11,4,4,3,2,0,0,0,0,0,0,0,0,0,0,0,0,0,0
0,0,0,0,38237,3893469,55342,27597,13754,8278,4172,2809,1437,689,334,149,70,53,33,25,18,9,3,0,0,0,0,0,0,0,0,0,0,0,0,0,0,0,0,0,0
0,0,0,0,0,38568,3894338,27233,13381,8110,4012,2702,1365,710,335,162,70,51,29,21,16,7,1,0,0,0,0,0,0,0,0,0,0,0,0,0,0,0,0,0,0
0,0,0,0,0,0,38052,3893564,13890,8404,4162,2817,1389,681,339,159,71,48,33,24,18,12,10,2,1,0,0,0,0,0,0,0,0,0,0,0,0,0,0,0,0
0,0,0,0,0,0,0,37746,3884014,6913,3464,2126,908,462,247,131,62,32,17,12,9,4,3,1,1,0,0,0,0,0,0,0,0,0,0,0,0,0,0,0,0
0,0,0,0,0,0,0,0,0,0,0,0,0,0,0,0,0,0,0,0,0,0,0,0,0,0,0,0,0,0,0,5000297,0,0,0,0,0,0,0,0,0
0,0,0,0,0,0,0,0,0,0,0,0,0,0,0,0,0,0,0,0,0,0,4998541,0,0,0,0,0,0,0,0,0,0,0,0,0,0,1075448,0,1075448,0
0,0,0,0,0,0,0,0,0,0,0,0,0,0,0,0,0,0,0,0,0,0,0,0,0,0,0,0,0,0,0,0,0,4998995,1073915,104,0,0,0,0,0
2520742,2161260,2159020,2170713,2158189,2157724,2154747,1617227,2155521,1607172,2161712,2157026,2158599,2156437,2155143,1869892,1865391,1863557,1861031,2058612,2144822,2113120,2446030,4325804,1932406,1187791,582574,279271,129847,54554,13449,0,0,509434,420412,98,0,420412,0,0,0
